﻿pos_x,pos_y,rotation,side,designator,mpn,pack,value,mount_type,place
5.0155,10.033,180.0,top,C1,,C_1206_3216Metric_Pad1.33x1.80mm_HandSolder,100n,smt,True
30.099,27.813,180.0,top,C10,,C_1206_3216Metric_Pad1.33x1.80mm_HandSolder,100n,smt,True
7.366,32.893,180.0,top,C11,,CAPPM7343X310N,47uF,smt,True
-0.127,8.636,0.0,top,C13,,C_1206_3216Metric_Pad1.33x1.80mm_HandSolder,100n,smt,True
8.509,24.257,90.0,top,C15,,C_1206_3216Metric_Pad1.33x1.80mm_HandSolder,100n,smt,True
5.0415,17.145,180.0,top,C2,,C_1206_3216Metric_Pad1.33x1.80mm_HandSolder,100n,smt,True
5.0415,10.033,180.0,bottom,C3,,C_1206_3216Metric_Pad1.33x1.80mm_HandSolder,100n,smt,True
5.0415,17.145,180.0,bottom,C4,,C_1206_3216Metric_Pad1.33x1.80mm_HandSolder,100n,smt,True
14.097,26.416,90.0,bottom,C5,,C_1206_3216Metric_Pad1.33x1.80mm_HandSolder,100n,smt,True
20.193,23.9905,-90.0,top,C6,,C_1206_3216Metric_Pad1.33x1.80mm_HandSolder,100n,smt,True
-0.254,27.178,-90.0,bottom,C7,,C_1206_3216Metric_Pad1.33x1.80mm_HandSolder,100n,smt,True
8.509,27.9785,90.0,bottom,C8,,C_1206_3216Metric_Pad1.33x1.80mm_HandSolder,100n,smt,True
20.193,13.7545,-90.0,top,C9,,C_1206_3216Metric_Pad1.33x1.80mm_HandSolder,100n,smt,True
-4.191,31.242,180.0,bottom,J1,,PinHeader_1x04_P2.54mm_Horizontal_Mod,TLM/CRSF,tht,True
-4.318,8.636,180.0,bottom,J10,,PinHeader_1x04_P2.54mm_Horizontal_Mod,SPARE,tht,True
33.421,0.762,90.0,top,J11,,Pin_Header_Straight_1x03_Mod_Pitch2.54mm,RMP,tht,True
-4.217,12.319,180.0,top,J2,,PinHeader_1x04_P2.54mm_Horizontal_Mod,V1/V2,tht,True
-4.191,19.939,180.0,bottom,J3,,PinHeader_1x04_P2.54mm_Horizontal_Mod,V3/V4,tht,True
-4.318,1.016,180.0,top,J4,,PinHeader_1x04_P2.54mm_Horizontal_Mod,GPS,tht,True
5.969,23.495,180.0,top,J5,,PinHeader_1x03_P2.54mm_Vertical,SELECT_POWER,tht,True
33.401,30.48,90.0,top,J6,,Pin_Header_Straight_1x03_Mod_Pitch2.54mm,SBUS,tht,True
35.814,25.527,-90.0,top,J7,,JST_EH_B9B-EH-A_1x09_P2.50mm_Vertical,8 INPUT ALARMS,tht,True
17.018,4.064,-90.0,top,J8,,PinHeader_1x04_P2.54mm_Vertical,MPU6050,tht,True
-4.191,23.622,180.0,top,J9,,PinHeader_1x04_P2.54mm_Horizontal_Mod,TLM/CRSF,tht,True
20.828,4.064,90.0,top,JP1,,PinHeader_1x03_P2.54mm_Vertical,SBUS2,tht,True
0.127,12.319,180.0,top,R1,,R_1206_3216Metric_Pad1.30x1.75mm_HandSolder,27k,smt,True
19.05,11.176,-90.0,bottom,R10,,R_1206_3216Metric_Pad1.30x1.75mm_HandSolder,10k,smt,True
21.971,24.029,90.0,bottom,R11,,R_1206_3216Metric_Pad1.30x1.75mm_HandSolder,10k,smt,True
30.226,4.826,0.0,bottom,R12,,R_1206_3216Metric_Pad1.30x1.75mm_HandSolder,27K,smt,True
4.927,6.35,180.0,top,R13,,R_1206_3216Metric_Pad1.30x1.75mm_HandSolder,10K,smt,True
21.971,13.716,90.0,bottom,R14,,R_1206_3216Metric_Pad1.30x1.75mm_HandSolder,10k,smt,True
24.257,24.003,-90.0,bottom,R15,,R_1206_3216Metric_Pad1.30x1.75mm_HandSolder,10k,smt,True
24.257,13.716,90.0,bottom,R16,,R_1206_3216Metric_Pad1.30x1.75mm_HandSolder,10k,smt,True
30.226,27.813,0.0,bottom,R17,,R_1206_3216Metric_Pad1.30x1.75mm_HandSolder,220,smt,True
30.226,25.527,0.0,top,R18,,R_1206_3216Metric_Pad1.30x1.75mm_HandSolder,27K,smt,True
30.2,4.826,0.0,top,R19,,R_1206_3216Metric_Pad1.30x1.75mm_HandSolder,1K,smt,True
0.127,14.859,180.0,top,R2,,R_1206_3216Metric_Pad1.30x1.75mm_HandSolder,0,smt,True
30.2,22.987,0.0,top,R20,,R_1206_3216Metric_Pad1.30x1.75mm_HandSolder,27K,smt,True
30.2,20.574,0.0,top,R21,,R_1206_3216Metric_Pad1.30x1.75mm_HandSolder,27K,smt,True
30.2,18.034,0.0,top,R22,,R_1206_3216Metric_Pad1.30x1.75mm_HandSolder,27K,smt,True
30.2,15.494,0.0,top,R23,,R_1206_3216Metric_Pad1.30x1.75mm_HandSolder,27K,smt,True
30.226,13.081,0.0,top,R24,,R_1206_3216Metric_Pad1.30x1.75mm_HandSolder,27K,smt,True
30.2,10.541,0.0,top,R25,,R_1206_3216Metric_Pad1.30x1.75mm_HandSolder,27K,smt,True
30.226,8.001,0.0,top,R26,,R_1206_3216Metric_Pad1.30x1.75mm_HandSolder,27K,smt,True
30.2,18.034,180.0,bottom,R27,,R_1206_3216Metric_Pad1.30x1.75mm_HandSolder,10K,smt,True
30.2,20.574,180.0,bottom,R28,,R_1206_3216Metric_Pad1.30x1.75mm_HandSolder,10K,smt,True
30.252,22.987,180.0,bottom,R29,,R_1206_3216Metric_Pad1.30x1.75mm_HandSolder,10K,smt,True
0.101,12.319,180.0,bottom,R3,,R_1206_3216Metric_Pad1.30x1.75mm_HandSolder,47K,smt,True
30.2,25.527,180.0,bottom,R30,,R_1206_3216Metric_Pad1.30x1.75mm_HandSolder,10K,smt,True
30.226,15.494,180.0,bottom,R31,,R_1206_3216Metric_Pad1.30x1.75mm_HandSolder,10K,smt,True
30.226,13.081,180.0,bottom,R32,,R_1206_3216Metric_Pad1.30x1.75mm_HandSolder,10K,smt,True
30.226,10.541,180.0,bottom,R33,,R_1206_3216Metric_Pad1.30x1.75mm_HandSolder,10K,smt,True
30.226,8.001,180.0,bottom,R34,,R_1206_3216Metric_Pad1.30x1.75mm_HandSolder,10K,smt,True
0.101,14.859,180.0,bottom,R4,,R_1206_3216Metric_Pad1.30x1.75mm_HandSolder,47K,smt,True
5.028,12.319,180.0,top,R5,,R_1206_3216Metric_Pad1.30x1.75mm_HandSolder,10K,smt,True
5.028,14.859,180.0,top,R6,,R_1206_3216Metric_Pad1.30x1.75mm_HandSolder,NC,smt,True
5.054,12.319,180.0,bottom,R7,,R_1206_3216Metric_Pad1.30x1.75mm_HandSolder,7.5K,smt,True
5.054,14.859,180.0,bottom,R8,,R_1206_3216Metric_Pad1.30x1.75mm_HandSolder,7.5K,smt,True
17.272,11.075,-90.0,top,R9,,R_1206_3216Metric_Pad1.30x1.75mm_HandSolder,10k,smt,True
9.652,6.223,0.0,top,U1,,RP2040-Zero,RP2040-Zero,tht,True
14.097,22.733,-90.0,top,U2,,BMP280,BMP280,tht,True
1.27,25.527,-90.0,top,U3,,SOT-223-3_TabPin2,A1117,smt,True
23.257,24.038,-90.0,top,U4,,TSSOP-10_3x3mm_P0.5mm,ADS1115IDGS,smt,True
23.36,13.725,-90.0,top,U5,,TSSOP-10_3x3mm_P0.5mm,ADS1115IDGS,smt,True
