﻿designator,quantity,value,pack,mpn,mount_type
"C1, C10, C13, C15, C2, C3, C4, C5, C6, C7, C8, C9",12,100n,C_1206_3216Metric_Pad1.33x1.80mm_HandSolder,,smt
C11,1,47uF,CAPPM7343X310N,,smt
"J1, J9",2,TLM/CRSF,PinHeader_1x04_P2.54mm_Horizontal_Mod,,tht
J10,1,SPARE,PinHeader_1x04_P2.54mm_Horizontal_Mod,,tht
J11,1,RMP,Pin_Header_Straight_1x03_Mod_Pitch2.54mm,,tht
J2,1,V1/V2,PinHeader_1x04_P2.54mm_Horizontal_Mod,,tht
J3,1,V3/V4,PinHeader_1x04_P2.54mm_Horizontal_Mod,,tht
J4,1,GPS,PinHeader_1x04_P2.54mm_Horizontal_Mod,,tht
J5,1,SELECT_POWER,PinHeader_1x03_P2.54mm_Vertical,,tht
J6,1,SBUS,Pin_Header_Straight_1x03_Mod_Pitch2.54mm,,tht
J7,1,8 INPUT ALARMS,JST_EH_B9B-EH-A_1x09_P2.50mm_Vertical,,tht
J8,1,MPU6050,PinHeader_1x04_P2.54mm_Vertical,,tht
JP1,1,SBUS2,PinHeader_1x03_P2.54mm_Vertical,,tht
R1,1,27k,R_1206_3216Metric_Pad1.30x1.75mm_HandSolder,,smt
"R10, R11, R14, R15, R16, R9",6,10k,R_1206_3216Metric_Pad1.30x1.75mm_HandSolder,,smt
"R12, R18, R20, R21, R22, R23, R24, R25, R26",9,27K,R_1206_3216Metric_Pad1.30x1.75mm_HandSolder,,smt
"R13, R27, R28, R29, R30, R31, R32, R33, R34, R5",10,10K,R_1206_3216Metric_Pad1.30x1.75mm_HandSolder,,smt
R17,1,220,R_1206_3216Metric_Pad1.30x1.75mm_HandSolder,,smt
R19,1,1K,R_1206_3216Metric_Pad1.30x1.75mm_HandSolder,,smt
R2,1,0,R_1206_3216Metric_Pad1.30x1.75mm_HandSolder,,smt
"R3, R4",2,47K,R_1206_3216Metric_Pad1.30x1.75mm_HandSolder,,smt
R6,1,NC,R_1206_3216Metric_Pad1.30x1.75mm_HandSolder,,smt
"R7, R8",2,7.5K,R_1206_3216Metric_Pad1.30x1.75mm_HandSolder,,smt
U1,1,RP2040-Zero,RP2040-Zero,,tht
U2,1,BMP280,BMP280,,tht
U3,1,A1117,SOT-223-3_TabPin2,,smt
"U4, U5",2,ADS1115IDGS,TSSOP-10_3x3mm_P0.5mm,,smt
